prime_mover_code,energy_source_code,boiler_firing_type,emission_factor,emission_factor_numerator,emission_factor_denominator,multiply_by_sulfur_content
OT,AB,cell_burner,0.08,lb,short ton,0
OT,AB,cyclone_firing,0.08,lb,short ton,0
OT,AB,duct_burner,0.08,lb,short ton,0
OT,AB,fluidized_bed_firing,0.01,lb,short ton,0
OT,AB,none,0.08,lb,short ton,0
OT,AB,other,0.08,lb,short ton,0
OT,AB,stoker,0.08,lb,short ton,0
OT,AB,tangential_firing,0.08,lb,short ton,0
OT,AB,vertical_firing,0.08,lb,short ton,0
OT,AB,wall_fired,0.08,lb,short ton,0
ST,AB,cell_burner,0.08,lb,short ton,0
ST,AB,cyclone_firing,0.08,lb,short ton,0
ST,AB,duct_burner,0.08,lb,short ton,0
ST,AB,fluidized_bed_firing,0.01,lb,short ton,0
ST,AB,none,0.08,lb,short ton,0
ST,AB,other,0.08,lb,short ton,0
ST,AB,stoker,0.08,lb,short ton,0
ST,AB,tangential_firing,0.08,lb,short ton,0
ST,AB,vertical_firing,0.08,lb,short ton,0
ST,AB,wall_fired,0.08,lb,short ton,0
CA,BFG,cell_burner,0.0006,lb,Mcf,0
CA,BFG,cyclone_firing,0.0006,lb,Mcf,0
CA,BFG,duct_burner,0.0006,lb,Mcf,0
CA,BFG,fluidized_bed_firing,0.0006,lb,Mcf,0
CA,BFG,none,0.0006,lb,Mcf,0
CA,BFG,other,0.0006,lb,Mcf,0
CA,BFG,stoker,0.0006,lb,Mcf,0
CA,BFG,tangential_firing,0.0006,lb,Mcf,0
CA,BFG,vertical_firing,0.0006,lb,Mcf,0
CA,BFG,wall_fired,0.0006,lb,Mcf,0
CS,BFG,cell_burner,0.0006,lb,Mcf,0
CS,BFG,cyclone_firing,0.0006,lb,Mcf,0
CS,BFG,duct_burner,0.0006,lb,Mcf,0
CS,BFG,fluidized_bed_firing,0.0006,lb,Mcf,0
CS,BFG,none,0.0006,lb,Mcf,0
CS,BFG,other,0.0006,lb,Mcf,0
CS,BFG,stoker,0.0006,lb,Mcf,0
CS,BFG,tangential_firing,0.0006,lb,Mcf,0
CS,BFG,vertical_firing,0.0006,lb,Mcf,0
CS,BFG,wall_fired,0.0006,lb,Mcf,0
CT,BFG,cell_burner,0.0006,lb,Mcf,0
CT,BFG,cyclone_firing,0.0006,lb,Mcf,0
CT,BFG,duct_burner,0.0006,lb,Mcf,0
CT,BFG,fluidized_bed_firing,0.0006,lb,Mcf,0
CT,BFG,none,0.0006,lb,Mcf,0
CT,BFG,other,0.0006,lb,Mcf,0
CT,BFG,stoker,0.0006,lb,Mcf,0
CT,BFG,tangential_firing,0.0006,lb,Mcf,0
CT,BFG,vertical_firing,0.0006,lb,Mcf,0
CT,BFG,wall_fired,0.0006,lb,Mcf,0
GT,BFG,cell_burner,0.0006,lb,Mcf,0
GT,BFG,cyclone_firing,0.0006,lb,Mcf,0
GT,BFG,duct_burner,0.0006,lb,Mcf,0
GT,BFG,fluidized_bed_firing,0.0006,lb,Mcf,0
GT,BFG,none,0.0006,lb,Mcf,0
GT,BFG,other,0.0006,lb,Mcf,0
GT,BFG,stoker,0.0006,lb,Mcf,0
GT,BFG,tangential_firing,0.0006,lb,Mcf,0
GT,BFG,vertical_firing,0.0006,lb,Mcf,0
GT,BFG,wall_fired,0.0006,lb,Mcf,0
IC,BFG,cell_burner,0.0006,lb,Mcf,0
IC,BFG,cyclone_firing,0.0006,lb,Mcf,0
IC,BFG,duct_burner,0.0006,lb,Mcf,0
IC,BFG,fluidized_bed_firing,0.0006,lb,Mcf,0
IC,BFG,none,0.0006,lb,Mcf,0
IC,BFG,other,0.0006,lb,Mcf,0
IC,BFG,stoker,0.0006,lb,Mcf,0
IC,BFG,tangential_firing,0.0006,lb,Mcf,0
IC,BFG,vertical_firing,0.0006,lb,Mcf,0
IC,BFG,wall_fired,0.0006,lb,Mcf,0
OT,BFG,cell_burner,0.0006,lb,Mcf,0
OT,BFG,cyclone_firing,0.0006,lb,Mcf,0
OT,BFG,duct_burner,0.0006,lb,Mcf,0
OT,BFG,fluidized_bed_firing,0.00006,lb,Mcf,0
OT,BFG,none,0.0006,lb,Mcf,0
OT,BFG,other,0.0006,lb,Mcf,0
OT,BFG,stoker,0.0006,lb,Mcf,0
OT,BFG,tangential_firing,0.0006,lb,Mcf,0
OT,BFG,vertical_firing,0.0006,lb,Mcf,0
OT,BFG,wall_fired,0.0006,lb,Mcf,0
ST,BFG,cell_burner,0.0006,lb,Mcf,0
ST,BFG,cyclone_firing,0.0006,lb,Mcf,0
ST,BFG,duct_burner,0.0006,lb,Mcf,0
ST,BFG,fluidized_bed_firing,0.00006,lb,Mcf,0
ST,BFG,none,0.0006,lb,Mcf,0
ST,BFG,other,0.0006,lb,Mcf,0
ST,BFG,stoker,0.0006,lb,Mcf,0
ST,BFG,tangential_firing,0.0006,lb,Mcf,0
ST,BFG,vertical_firing,0.0006,lb,Mcf,0
ST,BFG,wall_fired,0.0006,lb,Mcf,0
CA,BIT,duct_burner,38*S,lb,short ton,1
CA,BIT,none,38*S,lb,short ton,1
OT,BIT,cell_burner,38*S,lb,short ton,1
OT,BIT,cyclone_firing,38*S,lb,short ton,1
OT,BIT,duct_burner,38*S,lb,short ton,1
OT,BIT,fluidized_bed_firing,3.8*S,lb,short ton,1
OT,BIT,none,38*S,lb,short ton,1
OT,BIT,other,38*S,lb,short ton,1
OT,BIT,stoker,38*S,lb,short ton,1
OT,BIT,tangential_firing,38*S,lb,short ton,1
OT,BIT,vertical_firing,38*S,lb,short ton,1
OT,BIT,wall_fired,38*S,lb,short ton,1
ST,BIT,cell_burner,38*S,lb,short ton,1
ST,BIT,cyclone_firing,38*S,lb,short ton,1
ST,BIT,duct_burner,38*S,lb,short ton,1
ST,BIT,fluidized_bed_firing,3.8*S,lb,short ton,1
ST,BIT,none,38*S,lb,short ton,1
ST,BIT,other,38*S,lb,short ton,1
ST,BIT,stoker,38*S,lb,short ton,1
ST,BIT,tangential_firing,38*S,lb,short ton,1
ST,BIT,vertical_firing,38*S,lb,short ton,1
ST,BIT,wall_fired,38*S,lb,short ton,1
OT,BLQ,cell_burner,7,lb,short ton,0
OT,BLQ,cyclone_firing,7,lb,short ton,0
OT,BLQ,duct_burner,7,lb,short ton,0
OT,BLQ,fluidized_bed_firing,0.7,lb,short ton,0
OT,BLQ,none,7,lb,short ton,0
OT,BLQ,other,7,lb,short ton,0
OT,BLQ,stoker,7,lb,short ton,0
OT,BLQ,tangential_firing,7,lb,short ton,0
OT,BLQ,vertical_firing,7,lb,short ton,0
OT,BLQ,wall_fired,7,lb,short ton,0
ST,BLQ,cell_burner,7,lb,short ton,0
ST,BLQ,cyclone_firing,7,lb,short ton,0
ST,BLQ,duct_burner,7,lb,short ton,0
ST,BLQ,fluidized_bed_firing,0.7,lb,short ton,0
ST,BLQ,none,7,lb,short ton,0
ST,BLQ,other,7,lb,short ton,0
ST,BLQ,stoker,7,lb,short ton,0
ST,BLQ,tangential_firing,7,lb,short ton,0
ST,BLQ,vertical_firing,7,lb,short ton,0
ST,BLQ,wall_fired,7,lb,short ton,0
CA,DFO,cell_burner,5.88*S,lb,barrel,1
CA,DFO,cyclone_firing,5.88*S,lb,barrel,1
CA,DFO,duct_burner,5.88*S,lb,barrel,1
CA,DFO,fluidized_bed_firing,5.88*S,lb,barrel,1
CA,DFO,none,5.88*S,lb,barrel,1
CA,DFO,other,5.88*S,lb,barrel,1
CA,DFO,stoker,5.88*S,lb,barrel,1
CA,DFO,tangential_firing,5.88*S,lb,barrel,1
CA,DFO,vertical_firing,5.88*S,lb,barrel,1
CA,DFO,wall_fired,5.88*S,lb,barrel,1
CS,DFO,cell_burner,5.88*S,lb,barrel,1
CS,DFO,cyclone_firing,5.88*S,lb,barrel,1
CS,DFO,duct_burner,5.88*S,lb,barrel,1
CS,DFO,fluidized_bed_firing,5.88*S,lb,barrel,1
CS,DFO,none,5.88*S,lb,barrel,1
CS,DFO,other,5.88*S,lb,barrel,1
CS,DFO,stoker,5.88*S,lb,barrel,1
CS,DFO,tangential_firing,5.88*S,lb,barrel,1
CS,DFO,vertical_firing,5.88*S,lb,barrel,1
CS,DFO,wall_fired,5.88*S,lb,barrel,1
CT,DFO,cell_burner,5.88*S,lb,barrel,1
CT,DFO,cyclone_firing,5.88*S,lb,barrel,1
CT,DFO,duct_burner,5.88*S,lb,barrel,1
CT,DFO,fluidized_bed_firing,5.88*S,lb,barrel,1
CT,DFO,none,5.88*S,lb,barrel,1
CT,DFO,other,5.88*S,lb,barrel,1
CT,DFO,stoker,5.88*S,lb,barrel,1
CT,DFO,tangential_firing,5.88*S,lb,barrel,1
CT,DFO,vertical_firing,5.88*S,lb,barrel,1
CT,DFO,wall_fired,5.88*S,lb,barrel,1
GT,DFO,cell_burner,5.88*S,lb,barrel,1
GT,DFO,cyclone_firing,5.88*S,lb,barrel,1
GT,DFO,duct_burner,5.88*S,lb,barrel,1
GT,DFO,fluidized_bed_firing,5.88*S,lb,barrel,1
GT,DFO,none,5.88*S,lb,barrel,1
GT,DFO,other,5.88*S,lb,barrel,1
GT,DFO,stoker,5.88*S,lb,barrel,1
GT,DFO,tangential_firing,5.88*S,lb,barrel,1
GT,DFO,vertical_firing,5.88*S,lb,barrel,1
GT,DFO,wall_fired,5.88*S,lb,barrel,1
IC,DFO,cell_burner,5.88*S,lb,barrel,1
IC,DFO,cyclone_firing,5.88*S,lb,barrel,1
IC,DFO,duct_burner,5.88*S,lb,barrel,1
IC,DFO,fluidized_bed_firing,5.88*S,lb,barrel,1
IC,DFO,none,5.88*S,lb,barrel,1
IC,DFO,other,5.88*S,lb,barrel,1
IC,DFO,stoker,5.88*S,lb,barrel,1
IC,DFO,tangential_firing,5.88*S,lb,barrel,1
IC,DFO,vertical_firing,5.88*S,lb,barrel,1
IC,DFO,wall_fired,5.88*S,lb,barrel,1
OT,DFO,cell_burner,5.964*S,lb,barrel,1
OT,DFO,cyclone_firing,5.964*S,lb,barrel,1
OT,DFO,duct_burner,5.964*S,lb,barrel,1
OT,DFO,fluidized_bed_firing,0.5964*S,lb,barrel,1
OT,DFO,none,5.964*S,lb,barrel,1
OT,DFO,other,5.964*S,lb,barrel,1
OT,DFO,stoker,5.964*S,lb,barrel,1
OT,DFO,tangential_firing,5.964*S,lb,barrel,1
OT,DFO,vertical_firing,5.964*S,lb,barrel,1
OT,DFO,wall_fired,5.964*S,lb,barrel,1
ST,DFO,cell_burner,5.964*S,lb,barrel,1
ST,DFO,cyclone_firing,5.964*S,lb,barrel,1
ST,DFO,duct_burner,5.964*S,lb,barrel,1
ST,DFO,fluidized_bed_firing,0.5964*S,lb,barrel,1
ST,DFO,none,5.964*S,lb,barrel,1
ST,DFO,other,5.964*S,lb,barrel,1
ST,DFO,stoker,5.964*S,lb,barrel,1
ST,DFO,tangential_firing,5.964*S,lb,barrel,1
ST,DFO,vertical_firing,5.964*S,lb,barrel,1
ST,DFO,wall_fired,5.964*S,lb,barrel,1
CA,JF,cell_burner,5.88*S,lb,barrel,1
CA,JF,cyclone_firing,5.88*S,lb,barrel,1
CA,JF,duct_burner,5.88*S,lb,barrel,1
CA,JF,fluidized_bed_firing,5.88*S,lb,barrel,1
CA,JF,none,5.88*S,lb,barrel,1
CA,JF,other,5.88*S,lb,barrel,1
CA,JF,stoker,5.88*S,lb,barrel,1
CA,JF,tangential_firing,5.88*S,lb,barrel,1
CA,JF,vertical_firing,5.88*S,lb,barrel,1
CA,JF,wall_fired,5.88*S,lb,barrel,1
CS,JF,cell_burner,5.88*S,lb,barrel,1
CS,JF,cyclone_firing,5.88*S,lb,barrel,1
CS,JF,duct_burner,5.88*S,lb,barrel,1
CS,JF,fluidized_bed_firing,5.88*S,lb,barrel,1
CS,JF,none,5.88*S,lb,barrel,1
CS,JF,other,5.88*S,lb,barrel,1
CS,JF,stoker,5.88*S,lb,barrel,1
CS,JF,tangential_firing,5.88*S,lb,barrel,1
CS,JF,vertical_firing,5.88*S,lb,barrel,1
CS,JF,wall_fired,5.88*S,lb,barrel,1
CT,JF,cell_burner,5.88*S,lb,barrel,1
CT,JF,cyclone_firing,5.88*S,lb,barrel,1
CT,JF,duct_burner,5.88*S,lb,barrel,1
CT,JF,fluidized_bed_firing,5.88*S,lb,barrel,1
CT,JF,none,5.88*S,lb,barrel,1
CT,JF,other,5.88*S,lb,barrel,1
CT,JF,stoker,5.88*S,lb,barrel,1
CT,JF,tangential_firing,5.88*S,lb,barrel,1
CT,JF,vertical_firing,5.88*S,lb,barrel,1
CT,JF,wall_fired,5.88*S,lb,barrel,1
GT,JF,cell_burner,5.88*S,lb,barrel,1
GT,JF,cyclone_firing,5.88*S,lb,barrel,1
GT,JF,duct_burner,5.88*S,lb,barrel,1
GT,JF,fluidized_bed_firing,5.88*S,lb,barrel,1
GT,JF,none,5.88*S,lb,barrel,1
GT,JF,other,5.88*S,lb,barrel,1
GT,JF,stoker,5.88*S,lb,barrel,1
GT,JF,tangential_firing,5.88*S,lb,barrel,1
GT,JF,vertical_firing,5.88*S,lb,barrel,1
GT,JF,wall_fired,5.88*S,lb,barrel,1
IC,JF,cell_burner,5.88*S,lb,barrel,1
IC,JF,cyclone_firing,5.88*S,lb,barrel,1
IC,JF,duct_burner,5.88*S,lb,barrel,1
IC,JF,fluidized_bed_firing,5.88*S,lb,barrel,1
IC,JF,none,5.88*S,lb,barrel,1
IC,JF,other,5.88*S,lb,barrel,1
IC,JF,stoker,5.88*S,lb,barrel,1
IC,JF,tangential_firing,5.88*S,lb,barrel,1
IC,JF,vertical_firing,5.88*S,lb,barrel,1
IC,JF,wall_fired,5.88*S,lb,barrel,1
OT,JF,cell_burner,5.964*S,lb,barrel,1
OT,JF,cyclone_firing,5.964*S,lb,barrel,1
OT,JF,duct_burner,5.964*S,lb,barrel,1
OT,JF,fluidized_bed_firing,0.5964*S,lb,barrel,1
OT,JF,none,5.964*S,lb,barrel,1
OT,JF,other,5.964*S,lb,barrel,1
OT,JF,stoker,5.964*S,lb,barrel,1
OT,JF,tangential_firing,5.964*S,lb,barrel,1
OT,JF,vertical_firing,5.964*S,lb,barrel,1
OT,JF,wall_fired,5.964*S,lb,barrel,1
ST,JF,cell_burner,5.964*S,lb,barrel,1
ST,JF,cyclone_firing,5.964*S,lb,barrel,1
ST,JF,duct_burner,5.964*S,lb,barrel,1
ST,JF,fluidized_bed_firing,0.5964*S,lb,barrel,1
ST,JF,none,5.964*S,lb,barrel,1
ST,JF,other,5.964*S,lb,barrel,1
ST,JF,stoker,5.964*S,lb,barrel,1
ST,JF,tangential_firing,5.964*S,lb,barrel,1
ST,JF,vertical_firing,5.964*S,lb,barrel,1
ST,JF,wall_fired,5.964*S,lb,barrel,1
CA,KER,cell_burner,5.88*S,lb,barrel,1
CA,KER,cyclone_firing,5.88*S,lb,barrel,1
CA,KER,duct_burner,5.88*S,lb,barrel,1
CA,KER,fluidized_bed_firing,5.88*S,lb,barrel,1
CA,KER,none,5.88*S,lb,barrel,1
CA,KER,other,5.88*S,lb,barrel,1
CA,KER,stoker,5.88*S,lb,barrel,1
CA,KER,tangential_firing,5.88*S,lb,barrel,1
CA,KER,vertical_firing,5.88*S,lb,barrel,1
CA,KER,wall_fired,5.88*S,lb,barrel,1
CS,KER,cell_burner,5.88*S,lb,barrel,1
CS,KER,cyclone_firing,5.88*S,lb,barrel,1
CS,KER,duct_burner,5.88*S,lb,barrel,1
CS,KER,fluidized_bed_firing,5.88*S,lb,barrel,1
CS,KER,none,5.88*S,lb,barrel,1
CS,KER,other,5.88*S,lb,barrel,1
CS,KER,stoker,5.88*S,lb,barrel,1
CS,KER,tangential_firing,5.88*S,lb,barrel,1
CS,KER,vertical_firing,5.88*S,lb,barrel,1
CS,KER,wall_fired,5.88*S,lb,barrel,1
CT,KER,cell_burner,5.88*S,lb,barrel,1
CT,KER,cyclone_firing,5.88*S,lb,barrel,1
CT,KER,duct_burner,5.88*S,lb,barrel,1
CT,KER,fluidized_bed_firing,5.88*S,lb,barrel,1
CT,KER,none,5.88*S,lb,barrel,1
CT,KER,other,5.88*S,lb,barrel,1
CT,KER,stoker,5.88*S,lb,barrel,1
CT,KER,tangential_firing,5.88*S,lb,barrel,1
CT,KER,vertical_firing,5.88*S,lb,barrel,1
CT,KER,wall_fired,5.88*S,lb,barrel,1
GT,KER,cell_burner,5.88*S,lb,barrel,1
GT,KER,cyclone_firing,5.88*S,lb,barrel,1
GT,KER,duct_burner,5.88*S,lb,barrel,1
GT,KER,fluidized_bed_firing,5.88*S,lb,barrel,1
GT,KER,none,5.88*S,lb,barrel,1
GT,KER,other,5.88*S,lb,barrel,1
GT,KER,stoker,5.88*S,lb,barrel,1
GT,KER,tangential_firing,5.88*S,lb,barrel,1
GT,KER,vertical_firing,5.88*S,lb,barrel,1
GT,KER,wall_fired,5.88*S,lb,barrel,1
IC,KER,cell_burner,5.88*S,lb,barrel,1
IC,KER,cyclone_firing,5.88*S,lb,barrel,1
IC,KER,duct_burner,5.88*S,lb,barrel,1
IC,KER,fluidized_bed_firing,5.88*S,lb,barrel,1
IC,KER,none,5.88*S,lb,barrel,1
IC,KER,other,5.88*S,lb,barrel,1
IC,KER,stoker,5.88*S,lb,barrel,1
IC,KER,tangential_firing,5.88*S,lb,barrel,1
IC,KER,vertical_firing,5.88*S,lb,barrel,1
IC,KER,wall_fired,5.88*S,lb,barrel,1
OT,KER,cell_burner,5.964*S,lb,barrel,1
OT,KER,cyclone_firing,5.964*S,lb,barrel,1
OT,KER,duct_burner,5.964*S,lb,barrel,1
OT,KER,fluidized_bed_firing,0.5964*S,lb,barrel,1
OT,KER,none,5.964*S,lb,barrel,1
OT,KER,other,5.964*S,lb,barrel,1
OT,KER,stoker,5.964*S,lb,barrel,1
OT,KER,tangential_firing,5.964*S,lb,barrel,1
OT,KER,vertical_firing,5.964*S,lb,barrel,1
OT,KER,wall_fired,5.964*S,lb,barrel,1
ST,KER,cell_burner,5.964*S,lb,barrel,1
ST,KER,cyclone_firing,5.964*S,lb,barrel,1
ST,KER,duct_burner,5.964*S,lb,barrel,1
ST,KER,fluidized_bed_firing,0.5964*S,lb,barrel,1
ST,KER,none,5.964*S,lb,barrel,1
ST,KER,other,5.964*S,lb,barrel,1
ST,KER,stoker,5.964*S,lb,barrel,1
ST,KER,tangential_firing,5.964*S,lb,barrel,1
ST,KER,vertical_firing,5.964*S,lb,barrel,1
ST,KER,wall_fired,5.964*S,lb,barrel,1
CA,LFG,cell_burner,0.0006,lb,Mcf,0
CA,LFG,cyclone_firing,0.0006,lb,Mcf,0
CA,LFG,duct_burner,0.0006,lb,Mcf,0
CA,LFG,fluidized_bed_firing,0.0006,lb,Mcf,0
CA,LFG,none,0.0006,lb,Mcf,0
CA,LFG,other,0.0006,lb,Mcf,0
CA,LFG,stoker,0.0006,lb,Mcf,0
CA,LFG,tangential_firing,0.0006,lb,Mcf,0
CA,LFG,vertical_firing,0.0006,lb,Mcf,0
CA,LFG,wall_fired,0.0006,lb,Mcf,0
CS,LFG,cell_burner,0.0006,lb,Mcf,0
CS,LFG,cyclone_firing,0.0006,lb,Mcf,0
CS,LFG,duct_burner,0.0006,lb,Mcf,0
CS,LFG,fluidized_bed_firing,0.0006,lb,Mcf,0
CS,LFG,none,0.0006,lb,Mcf,0
CS,LFG,other,0.0006,lb,Mcf,0
CS,LFG,stoker,0.0006,lb,Mcf,0
CS,LFG,tangential_firing,0.0006,lb,Mcf,0
CS,LFG,vertical_firing,0.0006,lb,Mcf,0
CS,LFG,wall_fired,0.0006,lb,Mcf,0
CT,LFG,cell_burner,0.0006,lb,Mcf,0
CT,LFG,cyclone_firing,0.0006,lb,Mcf,0
CT,LFG,duct_burner,0.0006,lb,Mcf,0
CT,LFG,fluidized_bed_firing,0.0006,lb,Mcf,0
CT,LFG,none,0.0006,lb,Mcf,0
CT,LFG,other,0.0006,lb,Mcf,0
CT,LFG,stoker,0.0006,lb,Mcf,0
CT,LFG,tangential_firing,0.0006,lb,Mcf,0
CT,LFG,vertical_firing,0.0006,lb,Mcf,0
CT,LFG,wall_fired,0.0006,lb,Mcf,0
GT,LFG,cell_burner,0.0006,lb,Mcf,0
GT,LFG,cyclone_firing,0.0006,lb,Mcf,0
GT,LFG,duct_burner,0.0006,lb,Mcf,0
GT,LFG,fluidized_bed_firing,0.0006,lb,Mcf,0
GT,LFG,none,0.0006,lb,Mcf,0
GT,LFG,other,0.0006,lb,Mcf,0
GT,LFG,stoker,0.0006,lb,Mcf,0
GT,LFG,tangential_firing,0.0006,lb,Mcf,0
GT,LFG,vertical_firing,0.0006,lb,Mcf,0
GT,LFG,wall_fired,0.0006,lb,Mcf,0
IC,LFG,cell_burner,0.0006,lb,Mcf,0
IC,LFG,cyclone_firing,0.0006,lb,Mcf,0
IC,LFG,duct_burner,0.0006,lb,Mcf,0
IC,LFG,fluidized_bed_firing,0.00006,lb,Mcf,0
IC,LFG,none,0.0006,lb,Mcf,0
IC,LFG,other,0.0006,lb,Mcf,0
IC,LFG,stoker,0.0006,lb,Mcf,0
IC,LFG,tangential_firing,0.0006,lb,Mcf,0
IC,LFG,vertical_firing,0.0006,lb,Mcf,0
IC,LFG,wall_fired,0.0006,lb,Mcf,0
OT,LFG,cell_burner,0.0006,lb,Mcf,0
OT,LFG,cyclone_firing,0.0006,lb,Mcf,0
OT,LFG,duct_burner,0.0006,lb,Mcf,0
OT,LFG,fluidized_bed_firing,0.00006,lb,Mcf,0
OT,LFG,none,0.0006,lb,Mcf,0
OT,LFG,other,0.0006,lb,Mcf,0
OT,LFG,stoker,0.0006,lb,Mcf,0
OT,LFG,tangential_firing,0.0006,lb,Mcf,0
OT,LFG,vertical_firing,0.0006,lb,Mcf,0
OT,LFG,wall_fired,0.0006,lb,Mcf,0
ST,LFG,cell_burner,0.0006,lb,Mcf,0
ST,LFG,cyclone_firing,0.0006,lb,Mcf,0
ST,LFG,duct_burner,0.0006,lb,Mcf,0
ST,LFG,fluidized_bed_firing,0.00006,lb,Mcf,0
ST,LFG,none,0.0006,lb,Mcf,0
ST,LFG,other,0.0006,lb,Mcf,0
ST,LFG,stoker,0.0006,lb,Mcf,0
ST,LFG,tangential_firing,0.0006,lb,Mcf,0
ST,LFG,vertical_firing,0.0006,lb,Mcf,0
ST,LFG,wall_fired,0.0006,lb,Mcf,0
OT,LIG,cell_burner,30*S,lb,short ton,1
OT,LIG,cyclone_firing,30*S,lb,short ton,1
OT,LIG,duct_burner,30*S,lb,short ton,1
OT,LIG,fluidized_bed_firing,3*S,lb,short ton,1
OT,LIG,none,30*S,lb,short ton,1
OT,LIG,other,30*S,lb,short ton,1
OT,LIG,stoker,30*S,lb,short ton,1
OT,LIG,tangential_firing,30*S,lb,short ton,1
OT,LIG,vertical_firing,30*S,lb,short ton,1
OT,LIG,wall_fired,30*S,lb,short ton,1
ST,LIG,cell_burner,30*S,lb,short ton,1
ST,LIG,cyclone_firing,30*S,lb,short ton,1
ST,LIG,duct_burner,30*S,lb,short ton,1
ST,LIG,fluidized_bed_firing,3*S,lb,short ton,1
ST,LIG,none,30*S,lb,short ton,1
ST,LIG,other,30*S,lb,short ton,1
ST,LIG,stoker,30*S,lb,short ton,1
ST,LIG,tangential_firing,30*S,lb,short ton,1
ST,LIG,vertical_firing,30*S,lb,short ton,1
ST,LIG,wall_fired,30*S,lb,short ton,1
ST,MSB,cell_burner,1.7,lb,short ton,0
ST,MSB,cyclone_firing,1.7,lb,short ton,0
ST,MSB,duct_burner,1.7,lb,short ton,0
ST,MSB,fluidized_bed_firing,0.17,lb,short ton,0
ST,MSB,none,1.7,lb,short ton,0
ST,MSB,other,1.7,lb,short ton,0
ST,MSB,stoker,1.7,lb,short ton,0
ST,MSB,tangential_firing,1.7,lb,short ton,0
ST,MSB,vertical_firing,1.7,lb,short ton,0
ST,MSB,wall_fired,1.7,lb,short ton,0
ST,MSN,cell_burner,1.7,lb,short ton,0
ST,MSN,cyclone_firing,1.7,lb,short ton,0
ST,MSN,duct_burner,1.7,lb,short ton,0
ST,MSN,fluidized_bed_firing,0.17,lb,short ton,0
ST,MSN,none,1.7,lb,short ton,0
ST,MSN,other,1.7,lb,short ton,0
ST,MSN,stoker,1.7,lb,short ton,0
ST,MSN,tangential_firing,1.7,lb,short ton,0
ST,MSN,vertical_firing,1.7,lb,short ton,0
ST,MSN,wall_fired,1.7,lb,short ton,0
OT,MSW,cell_burner,1.7,lb,short ton,0
OT,MSW,cyclone_firing,1.7,lb,short ton,0
OT,MSW,duct_burner,1.7,lb,short ton,0
OT,MSW,fluidized_bed_firing,0.17,lb,short ton,0
OT,MSW,none,1.7,lb,short ton,0
OT,MSW,other,1.7,lb,short ton,0
OT,MSW,stoker,1.7,lb,short ton,0
OT,MSW,tangential_firing,1.7,lb,short ton,0
OT,MSW,vertical_firing,1.7,lb,short ton,0
OT,MSW,wall_fired,1.7,lb,short ton,0
ST,MSW,cell_burner,1.7,lb,short ton,0
ST,MSW,cyclone_firing,1.7,lb,short ton,0
ST,MSW,duct_burner,1.7,lb,short ton,0
ST,MSW,fluidized_bed_firing,0.17,lb,short ton,0
ST,MSW,none,1.7,lb,short ton,0
ST,MSW,other,1.7,lb,short ton,0
ST,MSW,stoker,1.7,lb,short ton,0
ST,MSW,tangential_firing,1.7,lb,short ton,0
ST,MSW,vertical_firing,1.7,lb,short ton,0
ST,MSW,wall_fired,1.7,lb,short ton,0
CA,NG,cell_burner,0.0006,lb,Mcf,0
CA,NG,cyclone_firing,0.0006,lb,Mcf,0
CA,NG,duct_burner,0.0006,lb,Mcf,0
CA,NG,fluidized_bed_firing,0.0006,lb,Mcf,0
CA,NG,none,0.0006,lb,Mcf,0
CA,NG,other,0.0006,lb,Mcf,0
CA,NG,stoker,0.0006,lb,Mcf,0
CA,NG,tangential_firing,0.0006,lb,Mcf,0
CA,NG,vertical_firing,0.0006,lb,Mcf,0
CA,NG,wall_fired,0.0006,lb,Mcf,0
CE,NG,none,0.0006,lb,Mcf,0
CS,NG,cell_burner,0.0006,lb,Mcf,0
CS,NG,cyclone_firing,0.0006,lb,Mcf,0
CS,NG,duct_burner,0.0006,lb,Mcf,0
CS,NG,fluidized_bed_firing,0.0006,lb,Mcf,0
CS,NG,none,0.0006,lb,Mcf,0
CS,NG,other,0.0006,lb,Mcf,0
CS,NG,stoker,0.0006,lb,Mcf,0
CS,NG,tangential_firing,0.0006,lb,Mcf,0
CS,NG,vertical_firing,0.0006,lb,Mcf,0
CS,NG,wall_fired,0.0006,lb,Mcf,0
CT,NG,cell_burner,0.0006,lb,Mcf,0
CT,NG,cyclone_firing,0.0006,lb,Mcf,0
CT,NG,duct_burner,0.0006,lb,Mcf,0
CT,NG,fluidized_bed_firing,0.0006,lb,Mcf,0
CT,NG,none,0.0006,lb,Mcf,0
CT,NG,other,0.0006,lb,Mcf,0
CT,NG,stoker,0.0006,lb,Mcf,0
CT,NG,tangential_firing,0.0006,lb,Mcf,0
CT,NG,vertical_firing,0.0006,lb,Mcf,0
CT,NG,wall_fired,0.0006,lb,Mcf,0
GT,NG,cell_burner,0.0006,lb,Mcf,0
GT,NG,cyclone_firing,0.0006,lb,Mcf,0
GT,NG,duct_burner,0.0006,lb,Mcf,0
GT,NG,fluidized_bed_firing,0.0006,lb,Mcf,0
GT,NG,none,0.0006,lb,Mcf,0
GT,NG,other,0.0006,lb,Mcf,0
GT,NG,stoker,0.0006,lb,Mcf,0
GT,NG,tangential_firing,0.0006,lb,Mcf,0
GT,NG,vertical_firing,0.0006,lb,Mcf,0
GT,NG,wall_fired,0.0006,lb,Mcf,0
IC,NG,cell_burner,0.0006,lb,Mcf,0
IC,NG,cyclone_firing,0.0006,lb,Mcf,0
IC,NG,duct_burner,0.0006,lb,Mcf,0
IC,NG,fluidized_bed_firing,0.0006,lb,Mcf,0
IC,NG,none,0.0006,lb,Mcf,0
IC,NG,other,0.0006,lb,Mcf,0
IC,NG,stoker,0.0006,lb,Mcf,0
IC,NG,tangential_firing,0.0006,lb,Mcf,0
IC,NG,vertical_firing,0.0006,lb,Mcf,0
IC,NG,wall_fired,0.0006,lb,Mcf,0
OT,NG,cell_burner,0.0006,lb,Mcf,0
OT,NG,cyclone_firing,0.0006,lb,Mcf,0
OT,NG,duct_burner,0.0006,lb,Mcf,0
OT,NG,fluidized_bed_firing,0.00006,lb,Mcf,0
OT,NG,none,0.0006,lb,Mcf,0
OT,NG,other,0.0006,lb,Mcf,0
OT,NG,stoker,0.0006,lb,Mcf,0
OT,NG,tangential_firing,0.0006,lb,Mcf,0
OT,NG,vertical_firing,0.0006,lb,Mcf,0
OT,NG,wall_fired,0.0006,lb,Mcf,0
ST,NG,cell_burner,0.0006,lb,Mcf,0
ST,NG,cyclone_firing,0.0006,lb,Mcf,0
ST,NG,duct_burner,0.0006,lb,Mcf,0
ST,NG,fluidized_bed_firing,0.00006,lb,Mcf,0
ST,NG,none,0.0006,lb,Mcf,0
ST,NG,other,0.0006,lb,Mcf,0
ST,NG,stoker,0.0006,lb,Mcf,0
ST,NG,tangential_firing,0.0006,lb,Mcf,0
ST,NG,vertical_firing,0.0006,lb,Mcf,0
ST,NG,wall_fired,0.0006,lb,Mcf,0
CA,OBG,cell_burner,0.0006,lb,Mcf,0
CA,OBG,cyclone_firing,0.0006,lb,Mcf,0
CA,OBG,duct_burner,0.0006,lb,Mcf,0
CA,OBG,fluidized_bed_firing,0.0006,lb,Mcf,0
CA,OBG,none,0.0006,lb,Mcf,0
CA,OBG,other,0.0006,lb,Mcf,0
CA,OBG,stoker,0.0006,lb,Mcf,0
CA,OBG,tangential_firing,0.0006,lb,Mcf,0
CA,OBG,vertical_firing,0.0006,lb,Mcf,0
CA,OBG,wall_fired,0.0006,lb,Mcf,0
CS,OBG,cell_burner,0.0006,lb,Mcf,0
CS,OBG,cyclone_firing,0.0006,lb,Mcf,0
CS,OBG,duct_burner,0.0006,lb,Mcf,0
CS,OBG,fluidized_bed_firing,0.0006,lb,Mcf,0
CS,OBG,none,0.0006,lb,Mcf,0
CS,OBG,other,0.0006,lb,Mcf,0
CS,OBG,stoker,0.0006,lb,Mcf,0
CS,OBG,tangential_firing,0.0006,lb,Mcf,0
CS,OBG,vertical_firing,0.0006,lb,Mcf,0
CS,OBG,wall_fired,0.0006,lb,Mcf,0
CT,OBG,cell_burner,0.0006,lb,Mcf,0
CT,OBG,cyclone_firing,0.0006,lb,Mcf,0
CT,OBG,duct_burner,0.0006,lb,Mcf,0
CT,OBG,fluidized_bed_firing,0.0006,lb,Mcf,0
CT,OBG,none,0.0006,lb,Mcf,0
CT,OBG,other,0.0006,lb,Mcf,0
CT,OBG,stoker,0.0006,lb,Mcf,0
CT,OBG,tangential_firing,0.0006,lb,Mcf,0
CT,OBG,vertical_firing,0.0006,lb,Mcf,0
CT,OBG,wall_fired,0.0006,lb,Mcf,0
GT,OBG,cell_burner,0.0006,lb,Mcf,0
GT,OBG,cyclone_firing,0.0006,lb,Mcf,0
GT,OBG,duct_burner,0.0006,lb,Mcf,0
GT,OBG,fluidized_bed_firing,0.0006,lb,Mcf,0
GT,OBG,none,0.0006,lb,Mcf,0
GT,OBG,other,0.0006,lb,Mcf,0
GT,OBG,stoker,0.0006,lb,Mcf,0
GT,OBG,tangential_firing,0.0006,lb,Mcf,0
GT,OBG,vertical_firing,0.0006,lb,Mcf,0
GT,OBG,wall_fired,0.0006,lb,Mcf,0
IC,OBG,cell_burner,0.0006,lb,Mcf,0
IC,OBG,cyclone_firing,0.0006,lb,Mcf,0
IC,OBG,duct_burner,0.0006,lb,Mcf,0
IC,OBG,fluidized_bed_firing,0.0006,lb,Mcf,0
IC,OBG,none,0.0006,lb,Mcf,0
IC,OBG,other,0.0006,lb,Mcf,0
IC,OBG,stoker,0.0006,lb,Mcf,0
IC,OBG,tangential_firing,0.0006,lb,Mcf,0
IC,OBG,vertical_firing,0.0006,lb,Mcf,0
IC,OBG,wall_fired,0.0006,lb,Mcf,0
OT,OBG,cell_burner,0.0006,lb,Mcf,0
OT,OBG,cyclone_firing,0.0006,lb,Mcf,0
OT,OBG,duct_burner,0.0006,lb,Mcf,0
OT,OBG,fluidized_bed_firing,0.00006,lb,Mcf,0
OT,OBG,none,0.0006,lb,Mcf,0
OT,OBG,other,0.0006,lb,Mcf,0
OT,OBG,stoker,0.0006,lb,Mcf,0
OT,OBG,tangential_firing,0.0006,lb,Mcf,0
OT,OBG,vertical_firing,0.0006,lb,Mcf,0
OT,OBG,wall_fired,0.0006,lb,Mcf,0
ST,OBG,cell_burner,0.0006,lb,Mcf,0
ST,OBG,cyclone_firing,0.0006,lb,Mcf,0
ST,OBG,duct_burner,0.0006,lb,Mcf,0
ST,OBG,fluidized_bed_firing,0.00006,lb,Mcf,0
ST,OBG,none,0.0006,lb,Mcf,0
ST,OBG,other,0.0006,lb,Mcf,0
ST,OBG,stoker,0.0006,lb,Mcf,0
ST,OBG,tangential_firing,0.0006,lb,Mcf,0
ST,OBG,vertical_firing,0.0006,lb,Mcf,0
ST,OBG,wall_fired,0.0006,lb,Mcf,0
CA,OBL,cell_burner,5.88*S,lb,barrel,1
CA,OBL,cyclone_firing,5.88*S,lb,barrel,1
CA,OBL,duct_burner,5.88*S,lb,barrel,1
CA,OBL,fluidized_bed_firing,5.88*S,lb,barrel,1
CA,OBL,none,5.88*S,lb,barrel,1
CA,OBL,other,5.88*S,lb,barrel,1
CA,OBL,stoker,5.88*S,lb,barrel,1
CA,OBL,tangential_firing,5.88*S,lb,barrel,1
CA,OBL,vertical_firing,5.88*S,lb,barrel,1
CA,OBL,wall_fired,5.88*S,lb,barrel,1
CS,OBL,cell_burner,5.88*S,lb,barrel,1
CS,OBL,cyclone_firing,5.88*S,lb,barrel,1
CS,OBL,duct_burner,5.88*S,lb,barrel,1
CS,OBL,fluidized_bed_firing,5.88*S,lb,barrel,1
CS,OBL,none,5.88*S,lb,barrel,1
CS,OBL,other,5.88*S,lb,barrel,1
CS,OBL,stoker,5.88*S,lb,barrel,1
CS,OBL,tangential_firing,5.88*S,lb,barrel,1
CS,OBL,vertical_firing,5.88*S,lb,barrel,1
CS,OBL,wall_fired,5.88*S,lb,barrel,1
CT,OBL,cell_burner,5.88*S,lb,barrel,1
CT,OBL,cyclone_firing,5.88*S,lb,barrel,1
CT,OBL,duct_burner,5.88*S,lb,barrel,1
CT,OBL,fluidized_bed_firing,5.88*S,lb,barrel,1
CT,OBL,none,5.88*S,lb,barrel,1
CT,OBL,other,5.88*S,lb,barrel,1
CT,OBL,stoker,5.88*S,lb,barrel,1
CT,OBL,tangential_firing,5.88*S,lb,barrel,1
CT,OBL,vertical_firing,5.88*S,lb,barrel,1
CT,OBL,wall_fired,5.88*S,lb,barrel,1
GT,OBL,cell_burner,5.88*S,lb,barrel,1
GT,OBL,cyclone_firing,5.88*S,lb,barrel,1
GT,OBL,duct_burner,5.88*S,lb,barrel,1
GT,OBL,fluidized_bed_firing,5.88*S,lb,barrel,1
GT,OBL,none,5.88*S,lb,barrel,1
GT,OBL,other,5.88*S,lb,barrel,1
GT,OBL,stoker,5.88*S,lb,barrel,1
GT,OBL,tangential_firing,5.88*S,lb,barrel,1
GT,OBL,vertical_firing,5.88*S,lb,barrel,1
GT,OBL,wall_fired,5.88*S,lb,barrel,1
IC,OBL,cell_burner,5.88*S,lb,barrel,1
IC,OBL,cyclone_firing,5.88*S,lb,barrel,1
IC,OBL,duct_burner,5.88*S,lb,barrel,1
IC,OBL,fluidized_bed_firing,5.88*S,lb,barrel,1
IC,OBL,none,5.88*S,lb,barrel,1
IC,OBL,other,5.88*S,lb,barrel,1
IC,OBL,stoker,5.88*S,lb,barrel,1
IC,OBL,tangential_firing,5.88*S,lb,barrel,1
IC,OBL,vertical_firing,5.88*S,lb,barrel,1
IC,OBL,wall_fired,5.88*S,lb,barrel,1
OT,OBL,cell_burner,5.964*S,lb,barrel,1
OT,OBL,cyclone_firing,5.964*S,lb,barrel,1
OT,OBL,duct_burner,5.964*S,lb,barrel,1
OT,OBL,fluidized_bed_firing,0.5964*S,lb,barrel,1
OT,OBL,none,5.964*S,lb,barrel,1
OT,OBL,other,5.964*S,lb,barrel,1
OT,OBL,stoker,5.964*S,lb,barrel,1
OT,OBL,tangential_firing,5.964*S,lb,barrel,1
OT,OBL,vertical_firing,5.964*S,lb,barrel,1
OT,OBL,wall_fired,5.964*S,lb,barrel,1
ST,OBL,cell_burner,5.964*S,lb,barrel,1
ST,OBL,cyclone_firing,5.964*S,lb,barrel,1
ST,OBL,duct_burner,5.964*S,lb,barrel,1
ST,OBL,fluidized_bed_firing,0.5964*S,lb,barrel,1
ST,OBL,none,5.964*S,lb,barrel,1
ST,OBL,other,5.964*S,lb,barrel,1
ST,OBL,stoker,5.964*S,lb,barrel,1
ST,OBL,tangential_firing,5.964*S,lb,barrel,1
ST,OBL,vertical_firing,5.964*S,lb,barrel,1
ST,OBL,wall_fired,5.964*S,lb,barrel,1
OT,OBS,cell_burner,0.23,lb,short ton,0
OT,OBS,cyclone_firing,0.23,lb,short ton,0
OT,OBS,duct_burner,0.23,lb,short ton,0
OT,OBS,fluidized_bed_firing,0.02,lb,short ton,0
OT,OBS,none,0.23,lb,short ton,0
OT,OBS,other,0.23,lb,short ton,0
OT,OBS,stoker,0.23,lb,short ton,0
OT,OBS,tangential_firing,0.23,lb,short ton,0
OT,OBS,vertical_firing,0.23,lb,short ton,0
OT,OBS,wall_fired,0.23,lb,short ton,0
ST,OBS,cell_burner,0.23,lb,short ton,0
ST,OBS,cyclone_firing,0.23,lb,short ton,0
ST,OBS,duct_burner,0.23,lb,short ton,0
ST,OBS,fluidized_bed_firing,0.02,lb,short ton,0
ST,OBS,none,0.23,lb,short ton,0
ST,OBS,other,0.23,lb,short ton,0
ST,OBS,stoker,0.23,lb,short ton,0
ST,OBS,tangential_firing,0.23,lb,short ton,0
ST,OBS,vertical_firing,0.23,lb,short ton,0
ST,OBS,wall_fired,0.23,lb,short ton,0
CA,OG,cell_burner,0.0006,lb,Mcf,0
CA,OG,cyclone_firing,0.0006,lb,Mcf,0
CA,OG,duct_burner,0.0006,lb,Mcf,0
CA,OG,fluidized_bed_firing,0.0006,lb,Mcf,0
CA,OG,none,0.0006,lb,Mcf,0
CA,OG,other,0.0006,lb,Mcf,0
CA,OG,stoker,0.0006,lb,Mcf,0
CA,OG,tangential_firing,0.0006,lb,Mcf,0
CA,OG,vertical_firing,0.0006,lb,Mcf,0
CA,OG,wall_fired,0.0006,lb,Mcf,0
CS,OG,cell_burner,0.0006,lb,Mcf,0
CS,OG,cyclone_firing,0.0006,lb,Mcf,0
CS,OG,duct_burner,0.0006,lb,Mcf,0
CS,OG,fluidized_bed_firing,0.0006,lb,Mcf,0
CS,OG,none,0.0006,lb,Mcf,0
CS,OG,other,0.0006,lb,Mcf,0
CS,OG,stoker,0.0006,lb,Mcf,0
CS,OG,tangential_firing,0.0006,lb,Mcf,0
CS,OG,vertical_firing,0.0006,lb,Mcf,0
CS,OG,wall_fired,0.0006,lb,Mcf,0
CT,OG,cell_burner,0.0006,lb,Mcf,0
CT,OG,cyclone_firing,0.0006,lb,Mcf,0
CT,OG,duct_burner,0.0006,lb,Mcf,0
CT,OG,fluidized_bed_firing,0.0006,lb,Mcf,0
CT,OG,none,0.0006,lb,Mcf,0
CT,OG,other,0.0006,lb,Mcf,0
CT,OG,stoker,0.0006,lb,Mcf,0
CT,OG,tangential_firing,0.0006,lb,Mcf,0
CT,OG,vertical_firing,0.0006,lb,Mcf,0
CT,OG,wall_fired,0.0006,lb,Mcf,0
GT,OG,cell_burner,0.0006,lb,Mcf,0
GT,OG,cyclone_firing,0.0006,lb,Mcf,0
GT,OG,duct_burner,0.0006,lb,Mcf,0
GT,OG,fluidized_bed_firing,0.0006,lb,Mcf,0
GT,OG,none,0.0006,lb,Mcf,0
GT,OG,other,0.0006,lb,Mcf,0
GT,OG,stoker,0.0006,lb,Mcf,0
GT,OG,tangential_firing,0.0006,lb,Mcf,0
GT,OG,vertical_firing,0.0006,lb,Mcf,0
GT,OG,wall_fired,0.0006,lb,Mcf,0
IC,OG,cell_burner,0.0006,lb,Mcf,0
IC,OG,cyclone_firing,0.0006,lb,Mcf,0
IC,OG,duct_burner,0.0006,lb,Mcf,0
IC,OG,fluidized_bed_firing,0.0006,lb,Mcf,0
IC,OG,none,0.0006,lb,Mcf,0
IC,OG,other,0.0006,lb,Mcf,0
IC,OG,stoker,0.0006,lb,Mcf,0
IC,OG,tangential_firing,0.0006,lb,Mcf,0
IC,OG,vertical_firing,0.0006,lb,Mcf,0
IC,OG,wall_fired,0.0006,lb,Mcf,0
OT,OG,cell_burner,0.0006,lb,Mcf,0
OT,OG,cyclone_firing,0.0006,lb,Mcf,0
OT,OG,duct_burner,0.0006,lb,Mcf,0
OT,OG,fluidized_bed_firing,0.00006,lb,Mcf,0
OT,OG,none,0.0006,lb,Mcf,0
OT,OG,other,0.0006,lb,Mcf,0
OT,OG,stoker,0.0006,lb,Mcf,0
OT,OG,tangential_firing,0.0006,lb,Mcf,0
OT,OG,vertical_firing,0.0006,lb,Mcf,0
OT,OG,wall_fired,0.0006,lb,Mcf,0
ST,OG,cell_burner,0.0006,lb,Mcf,0
ST,OG,cyclone_firing,0.0006,lb,Mcf,0
ST,OG,duct_burner,0.0006,lb,Mcf,0
ST,OG,fluidized_bed_firing,0.00006,lb,Mcf,0
ST,OG,none,0.0006,lb,Mcf,0
ST,OG,other,0.0006,lb,Mcf,0
ST,OG,stoker,0.0006,lb,Mcf,0
ST,OG,tangential_firing,0.0006,lb,Mcf,0
ST,OG,vertical_firing,0.0006,lb,Mcf,0
ST,OG,wall_fired,0.0006,lb,Mcf,0
CA,OTH,cell_burner,0.0006,lb,Mcf,0
CA,OTH,cyclone_firing,0.0006,lb,Mcf,0
CA,OTH,duct_burner,0.0006,lb,Mcf,0
CA,OTH,fluidized_bed_firing,0.0006,lb,Mcf,0
CA,OTH,none,0.0006,lb,Mcf,0
CA,OTH,other,0.0006,lb,Mcf,0
CA,OTH,stoker,0.0006,lb,Mcf,0
CA,OTH,tangential_firing,0.0006,lb,Mcf,0
CA,OTH,vertical_firing,0.0006,lb,Mcf,0
CA,OTH,wall_fired,0.0006,lb,Mcf,0
CS,OTH,cell_burner,0.0006,lb,Mcf,0
CS,OTH,cyclone_firing,0.0006,lb,Mcf,0
CS,OTH,duct_burner,0.0006,lb,Mcf,0
CS,OTH,fluidized_bed_firing,0.0006,lb,Mcf,0
CS,OTH,none,0.0006,lb,Mcf,0
CS,OTH,other,0.0006,lb,Mcf,0
CS,OTH,stoker,0.0006,lb,Mcf,0
CS,OTH,tangential_firing,0.0006,lb,Mcf,0
CS,OTH,vertical_firing,0.0006,lb,Mcf,0
CS,OTH,wall_fired,0.0006,lb,Mcf,0
CT,OTH,cell_burner,0.0006,lb,Mcf,0
CT,OTH,cyclone_firing,0.0006,lb,Mcf,0
CT,OTH,duct_burner,0.0006,lb,Mcf,0
CT,OTH,fluidized_bed_firing,0.0006,lb,Mcf,0
CT,OTH,none,0.0006,lb,Mcf,0
CT,OTH,other,0.0006,lb,Mcf,0
CT,OTH,stoker,0.0006,lb,Mcf,0
CT,OTH,tangential_firing,0.0006,lb,Mcf,0
CT,OTH,vertical_firing,0.0006,lb,Mcf,0
CT,OTH,wall_fired,0.0006,lb,Mcf,0
GT,OTH,cell_burner,0.0006,lb,Mcf,0
GT,OTH,cyclone_firing,0.0006,lb,Mcf,0
GT,OTH,duct_burner,0.0006,lb,Mcf,0
GT,OTH,fluidized_bed_firing,0.0006,lb,Mcf,0
GT,OTH,none,0.0006,lb,Mcf,0
GT,OTH,other,0.0006,lb,Mcf,0
GT,OTH,stoker,0.0006,lb,Mcf,0
GT,OTH,tangential_firing,0.0006,lb,Mcf,0
GT,OTH,vertical_firing,0.0006,lb,Mcf,0
GT,OTH,wall_fired,0.0006,lb,Mcf,0
IC,OTH,cell_burner,0.0006,lb,Mcf,0
IC,OTH,cyclone_firing,0.0006,lb,Mcf,0
IC,OTH,duct_burner,0.0006,lb,Mcf,0
IC,OTH,fluidized_bed_firing,0.0006,lb,Mcf,0
IC,OTH,none,0.0006,lb,Mcf,0
IC,OTH,other,0.0006,lb,Mcf,0
IC,OTH,stoker,0.0006,lb,Mcf,0
IC,OTH,tangential_firing,0.0006,lb,Mcf,0
IC,OTH,vertical_firing,0.0006,lb,Mcf,0
IC,OTH,wall_fired,0.0006,lb,Mcf,0
OT,OTH,cell_burner,0.0006,lb,Mcf,0
OT,OTH,cyclone_firing,0.0006,lb,Mcf,0
OT,OTH,duct_burner,0.0006,lb,Mcf,0
OT,OTH,fluidized_bed_firing,0.00006,lb,Mcf,0
OT,OTH,none,0.0006,lb,Mcf,0
OT,OTH,other,0.0006,lb,Mcf,0
OT,OTH,stoker,0.0006,lb,Mcf,0
OT,OTH,tangential_firing,0.0006,lb,Mcf,0
OT,OTH,vertical_firing,0.0006,lb,Mcf,0
OT,OTH,wall_fired,0.0006,lb,Mcf,0
ST,OTH,cell_burner,0.0006,lb,Mcf,0
ST,OTH,cyclone_firing,0.0006,lb,Mcf,0
ST,OTH,duct_burner,0.0006,lb,Mcf,0
ST,OTH,fluidized_bed_firing,0.00006,lb,Mcf,0
ST,OTH,none,0.0006,lb,Mcf,0
ST,OTH,other,0.0006,lb,Mcf,0
ST,OTH,stoker,0.0006,lb,Mcf,0
ST,OTH,tangential_firing,0.0006,lb,Mcf,0
ST,OTH,vertical_firing,0.0006,lb,Mcf,0
ST,OTH,wall_fired,0.0006,lb,Mcf,0
OT,PC,cell_burner,39*S,lb,short ton,1
OT,PC,cyclone_firing,39*S,lb,short ton,1
OT,PC,duct_burner,39*S,lb,short ton,1
OT,PC,fluidized_bed_firing,3.9*S,lb,short ton,1
OT,PC,none,39*S,lb,short ton,1
OT,PC,other,39*S,lb,short ton,1
OT,PC,stoker,39*S,lb,short ton,1
OT,PC,tangential_firing,39*S,lb,short ton,1
OT,PC,vertical_firing,39*S,lb,short ton,1
OT,PC,wall_fired,39*S,lb,short ton,1
ST,PC,cell_burner,39*S,lb,short ton,1
ST,PC,cyclone_firing,39*S,lb,short ton,1
ST,PC,duct_burner,39*S,lb,short ton,1
ST,PC,fluidized_bed_firing,3.9*S,lb,short ton,1
ST,PC,none,39*S,lb,short ton,1
ST,PC,other,39*S,lb,short ton,1
ST,PC,stoker,39*S,lb,short ton,1
ST,PC,tangential_firing,39*S,lb,short ton,1
ST,PC,vertical_firing,39*S,lb,short ton,1
ST,PC,wall_fired,39*S,lb,short ton,1
CA,PG,cell_burner,0.0006,lb,Mcf,0
CA,PG,cyclone_firing,0.0006,lb,Mcf,0
CA,PG,duct_burner,0.0006,lb,Mcf,0
CA,PG,fluidized_bed_firing,0.0006,lb,Mcf,0
CA,PG,none,0.0006,lb,Mcf,0
CA,PG,other,0.0006,lb,Mcf,0
CA,PG,stoker,0.0006,lb,Mcf,0
CA,PG,tangential_firing,0.0006,lb,Mcf,0
CA,PG,vertical_firing,0.0006,lb,Mcf,0
CA,PG,wall_fired,0.0006,lb,Mcf,0
CS,PG,cell_burner,0.0006,lb,Mcf,0
CS,PG,cyclone_firing,0.0006,lb,Mcf,0
CS,PG,duct_burner,0.0006,lb,Mcf,0
CS,PG,fluidized_bed_firing,0.0006,lb,Mcf,0
CS,PG,none,0.0006,lb,Mcf,0
CS,PG,other,0.0006,lb,Mcf,0
CS,PG,stoker,0.0006,lb,Mcf,0
CS,PG,tangential_firing,0.0006,lb,Mcf,0
CS,PG,vertical_firing,0.0006,lb,Mcf,0
CS,PG,wall_fired,0.0006,lb,Mcf,0
CT,PG,cell_burner,0.0006,lb,Mcf,0
CT,PG,cyclone_firing,0.0006,lb,Mcf,0
CT,PG,duct_burner,0.0006,lb,Mcf,0
CT,PG,fluidized_bed_firing,0.0006,lb,Mcf,0
CT,PG,none,0.0006,lb,Mcf,0
CT,PG,other,0.0006,lb,Mcf,0
CT,PG,stoker,0.0006,lb,Mcf,0
CT,PG,tangential_firing,0.0006,lb,Mcf,0
CT,PG,vertical_firing,0.0006,lb,Mcf,0
CT,PG,wall_fired,0.0006,lb,Mcf,0
GT,PG,cell_burner,0.0006,lb,Mcf,0
GT,PG,cyclone_firing,0.0006,lb,Mcf,0
GT,PG,duct_burner,0.0006,lb,Mcf,0
GT,PG,fluidized_bed_firing,0.0006,lb,Mcf,0
GT,PG,none,0.0006,lb,Mcf,0
GT,PG,other,0.0006,lb,Mcf,0
GT,PG,stoker,0.0006,lb,Mcf,0
GT,PG,tangential_firing,0.0006,lb,Mcf,0
GT,PG,vertical_firing,0.0006,lb,Mcf,0
GT,PG,wall_fired,0.0006,lb,Mcf,0
IC,PG,cell_burner,0.0006,lb,Mcf,0
IC,PG,cyclone_firing,0.0006,lb,Mcf,0
IC,PG,duct_burner,0.0006,lb,Mcf,0
IC,PG,fluidized_bed_firing,0.0006,lb,Mcf,0
IC,PG,none,0.0006,lb,Mcf,0
IC,PG,other,0.0006,lb,Mcf,0
IC,PG,stoker,0.0006,lb,Mcf,0
IC,PG,tangential_firing,0.0006,lb,Mcf,0
IC,PG,vertical_firing,0.0006,lb,Mcf,0
IC,PG,wall_fired,0.0006,lb,Mcf,0
OT,PG,cell_burner,0.0006,lb,Mcf,0
OT,PG,cyclone_firing,0.0006,lb,Mcf,0
OT,PG,duct_burner,0.0006,lb,Mcf,0
OT,PG,fluidized_bed_firing,0.00006,lb,Mcf,0
OT,PG,none,0.0006,lb,Mcf,0
OT,PG,other,0.0006,lb,Mcf,0
OT,PG,stoker,0.0006,lb,Mcf,0
OT,PG,tangential_firing,0.0006,lb,Mcf,0
OT,PG,vertical_firing,0.0006,lb,Mcf,0
OT,PG,wall_fired,0.0006,lb,Mcf,0
ST,PG,cell_burner,0.0006,lb,Mcf,0
ST,PG,cyclone_firing,0.0006,lb,Mcf,0
ST,PG,duct_burner,0.0006,lb,Mcf,0
ST,PG,fluidized_bed_firing,0.00006,lb,Mcf,0
ST,PG,none,0.0006,lb,Mcf,0
ST,PG,other,0.0006,lb,Mcf,0
ST,PG,stoker,0.0006,lb,Mcf,0
ST,PG,tangential_firing,0.0006,lb,Mcf,0
ST,PG,vertical_firing,0.0006,lb,Mcf,0
ST,PG,wall_fired,0.0006,lb,Mcf,0
OT,RC,cell_burner,38*S,lb,short ton,1
OT,RC,cyclone_firing,38*S,lb,short ton,1
OT,RC,duct_burner,38*S,lb,short ton,1
OT,RC,fluidized_bed_firing,3.8*S,lb,short ton,1
OT,RC,none,38*S,lb,short ton,1
OT,RC,other,38*S,lb,short ton,1
OT,RC,stoker,38*S,lb,short ton,1
OT,RC,tangential_firing,38*S,lb,short ton,1
OT,RC,vertical_firing,38*S,lb,short ton,1
OT,RC,wall_fired,38*S,lb,short ton,1
ST,RC,cell_burner,38*S,lb,short ton,1
ST,RC,cyclone_firing,38*S,lb,short ton,1
ST,RC,duct_burner,38*S,lb,short ton,1
ST,RC,fluidized_bed_firing,3.8*S,lb,short ton,1
ST,RC,none,38*S,lb,short ton,1
ST,RC,other,38*S,lb,short ton,1
ST,RC,stoker,38*S,lb,short ton,1
ST,RC,tangential_firing,38*S,lb,short ton,1
ST,RC,vertical_firing,38*S,lb,short ton,1
ST,RC,wall_fired,38*S,lb,short ton,1
CA,RFO,cell_burner,5.88*S,lb,barrel,1
CA,RFO,cyclone_firing,5.88*S,lb,barrel,1
CA,RFO,duct_burner,5.88*S,lb,barrel,1
CA,RFO,fluidized_bed_firing,5.88*S,lb,barrel,1
CA,RFO,none,5.88*S,lb,barrel,1
CA,RFO,other,5.88*S,lb,barrel,1
CA,RFO,stoker,5.88*S,lb,barrel,1
CA,RFO,tangential_firing,5.88*S,lb,barrel,1
CA,RFO,vertical_firing,5.88*S,lb,barrel,1
CA,RFO,wall_fired,5.88*S,lb,barrel,1
CS,RFO,cell_burner,5.88*S,lb,barrel,1
CS,RFO,cyclone_firing,5.88*S,lb,barrel,1
CS,RFO,duct_burner,5.88*S,lb,barrel,1
CS,RFO,fluidized_bed_firing,5.88*S,lb,barrel,1
CS,RFO,none,5.88*S,lb,barrel,1
CS,RFO,other,5.88*S,lb,barrel,1
CS,RFO,stoker,5.88*S,lb,barrel,1
CS,RFO,tangential_firing,5.88*S,lb,barrel,1
CS,RFO,vertical_firing,5.88*S,lb,barrel,1
CS,RFO,wall_fired,5.88*S,lb,barrel,1
CT,RFO,cell_burner,5.88*S,lb,barrel,1
CT,RFO,cyclone_firing,5.88*S,lb,barrel,1
CT,RFO,duct_burner,5.88*S,lb,barrel,1
CT,RFO,fluidized_bed_firing,5.88*S,lb,barrel,1
CT,RFO,none,5.88*S,lb,barrel,1
CT,RFO,other,5.88*S,lb,barrel,1
CT,RFO,stoker,5.88*S,lb,barrel,1
CT,RFO,tangential_firing,5.88*S,lb,barrel,1
CT,RFO,vertical_firing,5.88*S,lb,barrel,1
CT,RFO,wall_fired,5.88*S,lb,barrel,1
GT,RFO,cell_burner,5.88*S,lb,barrel,1
GT,RFO,cyclone_firing,5.88*S,lb,barrel,1
GT,RFO,duct_burner,5.88*S,lb,barrel,1
GT,RFO,fluidized_bed_firing,5.88*S,lb,barrel,1
GT,RFO,none,5.88*S,lb,barrel,1
GT,RFO,other,5.88*S,lb,barrel,1
GT,RFO,stoker,5.88*S,lb,barrel,1
GT,RFO,tangential_firing,5.88*S,lb,barrel,1
GT,RFO,vertical_firing,5.88*S,lb,barrel,1
GT,RFO,wall_fired,5.88*S,lb,barrel,1
IC,RFO,cell_burner,5.88*S,lb,barrel,1
IC,RFO,cyclone_firing,5.88*S,lb,barrel,1
IC,RFO,duct_burner,5.88*S,lb,barrel,1
IC,RFO,fluidized_bed_firing,5.88*S,lb,barrel,1
IC,RFO,none,5.88*S,lb,barrel,1
IC,RFO,other,5.88*S,lb,barrel,1
IC,RFO,stoker,5.88*S,lb,barrel,1
IC,RFO,tangential_firing,5.88*S,lb,barrel,1
IC,RFO,vertical_firing,5.88*S,lb,barrel,1
IC,RFO,wall_fired,5.88*S,lb,barrel,1
OT,RFO,cell_burner,6.594*S,lb,barrel,1
OT,RFO,cyclone_firing,6.594*S,lb,barrel,1
OT,RFO,duct_burner,6.594*S,lb,barrel,1
OT,RFO,fluidized_bed_firing,0.6594*S,lb,barrel,1
OT,RFO,none,6.594*S,lb,barrel,1
OT,RFO,other,6.594*S,lb,barrel,1
OT,RFO,stoker,6.594*S,lb,barrel,1
OT,RFO,tangential_firing,6.594*S,lb,barrel,1
OT,RFO,vertical_firing,6.594*S,lb,barrel,1
OT,RFO,wall_fired,6.594*S,lb,barrel,1
ST,RFO,cell_burner,6.594*S,lb,barrel,1
ST,RFO,cyclone_firing,6.594*S,lb,barrel,1
ST,RFO,duct_burner,6.594*S,lb,barrel,1
ST,RFO,fluidized_bed_firing,0.6594*S,lb,barrel,1
ST,RFO,none,6.594*S,lb,barrel,1
ST,RFO,other,6.594*S,lb,barrel,1
ST,RFO,stoker,6.594*S,lb,barrel,1
ST,RFO,tangential_firing,6.594*S,lb,barrel,1
ST,RFO,vertical_firing,6.594*S,lb,barrel,1
ST,RFO,wall_fired,6.594*S,lb,barrel,1
CA,SGC,cell_burner,0.0006,lb,Mcf,0
CA,SGC,cyclone_firing,0.0006,lb,Mcf,0
CA,SGC,duct_burner,0.0006,lb,Mcf,0
CA,SGC,fluidized_bed_firing,0.0006,lb,Mcf,0
CA,SGC,none,0.0006,lb,Mcf,0
CA,SGC,other,0.0006,lb,Mcf,0
CA,SGC,stoker,0.0006,lb,Mcf,0
CA,SGC,tangential_firing,0.0006,lb,Mcf,0
CA,SGC,vertical_firing,0.0006,lb,Mcf,0
CA,SGC,wall_fired,0.0006,lb,Mcf,0
CS,SGC,cell_burner,0.0006,lb,Mcf,0
CS,SGC,cyclone_firing,0.0006,lb,Mcf,0
CS,SGC,duct_burner,0.0006,lb,Mcf,0
CS,SGC,fluidized_bed_firing,0.0006,lb,Mcf,0
CS,SGC,none,0.0006,lb,Mcf,0
CS,SGC,other,0.0006,lb,Mcf,0
CS,SGC,stoker,0.0006,lb,Mcf,0
CS,SGC,tangential_firing,0.0006,lb,Mcf,0
CS,SGC,vertical_firing,0.0006,lb,Mcf,0
CS,SGC,wall_fired,0.0006,lb,Mcf,0
CT,SGC,cell_burner,0.0006,lb,Mcf,0
CT,SGC,cyclone_firing,0.0006,lb,Mcf,0
CT,SGC,duct_burner,0.0006,lb,Mcf,0
CT,SGC,fluidized_bed_firing,0.0006,lb,Mcf,0
CT,SGC,none,0.0006,lb,Mcf,0
CT,SGC,other,0.0006,lb,Mcf,0
CT,SGC,stoker,0.0006,lb,Mcf,0
CT,SGC,tangential_firing,0.0006,lb,Mcf,0
CT,SGC,vertical_firing,0.0006,lb,Mcf,0
CT,SGC,wall_fired,0.0006,lb,Mcf,0
GT,SGC,cell_burner,0.0006,lb,Mcf,0
GT,SGC,cyclone_firing,0.0006,lb,Mcf,0
GT,SGC,duct_burner,0.0006,lb,Mcf,0
GT,SGC,fluidized_bed_firing,0.0006,lb,Mcf,0
GT,SGC,none,0.0006,lb,Mcf,0
GT,SGC,other,0.0006,lb,Mcf,0
GT,SGC,stoker,0.0006,lb,Mcf,0
GT,SGC,tangential_firing,0.0006,lb,Mcf,0
GT,SGC,vertical_firing,0.0006,lb,Mcf,0
GT,SGC,wall_fired,0.0006,lb,Mcf,0
IC,SGC,cell_burner,0.0006,lb,Mcf,0
IC,SGC,cyclone_firing,0.0006,lb,Mcf,0
IC,SGC,duct_burner,0.0006,lb,Mcf,0
IC,SGC,fluidized_bed_firing,0.0006,lb,Mcf,0
IC,SGC,none,0.0006,lb,Mcf,0
IC,SGC,other,0.0006,lb,Mcf,0
IC,SGC,stoker,0.0006,lb,Mcf,0
IC,SGC,tangential_firing,0.0006,lb,Mcf,0
IC,SGC,vertical_firing,0.0006,lb,Mcf,0
IC,SGC,wall_fired,0.0006,lb,Mcf,0
OT,SGC,cell_burner,0.0006,lb,Mcf,0
OT,SGC,cyclone_firing,0.0006,lb,Mcf,0
OT,SGC,duct_burner,0.0006,lb,Mcf,0
OT,SGC,fluidized_bed_firing,0.00006,lb,Mcf,0
OT,SGC,none,0.0006,lb,Mcf,0
OT,SGC,other,0.0006,lb,Mcf,0
OT,SGC,stoker,0.0006,lb,Mcf,0
OT,SGC,tangential_firing,0.0006,lb,Mcf,0
OT,SGC,vertical_firing,0.0006,lb,Mcf,0
OT,SGC,wall_fired,0.0006,lb,Mcf,0
ST,SGC,cell_burner,0.0006,lb,Mcf,0
ST,SGC,cyclone_firing,0.0006,lb,Mcf,0
ST,SGC,duct_burner,0.0006,lb,Mcf,0
ST,SGC,fluidized_bed_firing,0.00006,lb,Mcf,0
ST,SGC,none,0.0006,lb,Mcf,0
ST,SGC,other,0.0006,lb,Mcf,0
ST,SGC,stoker,0.0006,lb,Mcf,0
ST,SGC,tangential_firing,0.0006,lb,Mcf,0
ST,SGC,vertical_firing,0.0006,lb,Mcf,0
ST,SGC,wall_fired,0.0006,lb,Mcf,0
CA,SGP,cell_burner,0.0006,lb,Mcf,0
CA,SGP,cyclone_firing,0.0006,lb,Mcf,0
CA,SGP,duct_burner,0.0006,lb,Mcf,0
CA,SGP,fluidized_bed_firing,0.0006,lb,Mcf,0
CA,SGP,none,0.0006,lb,Mcf,0
CA,SGP,other,0.0006,lb,Mcf,0
CA,SGP,stoker,0.0006,lb,Mcf,0
CA,SGP,tangential_firing,0.0006,lb,Mcf,0
CA,SGP,vertical_firing,0.0006,lb,Mcf,0
CA,SGP,wall_fired,0.0006,lb,Mcf,0
CS,SGP,cell_burner,0.0006,lb,Mcf,0
CS,SGP,cyclone_firing,0.0006,lb,Mcf,0
CS,SGP,duct_burner,0.0006,lb,Mcf,0
CS,SGP,fluidized_bed_firing,0.0006,lb,Mcf,0
CS,SGP,none,0.0006,lb,Mcf,0
CS,SGP,other,0.0006,lb,Mcf,0
CS,SGP,stoker,0.0006,lb,Mcf,0
CS,SGP,tangential_firing,0.0006,lb,Mcf,0
CS,SGP,vertical_firing,0.0006,lb,Mcf,0
CS,SGP,wall_fired,0.0006,lb,Mcf,0
CT,SGP,cell_burner,0.0006,lb,Mcf,0
CT,SGP,cyclone_firing,0.0006,lb,Mcf,0
CT,SGP,duct_burner,0.0006,lb,Mcf,0
CT,SGP,fluidized_bed_firing,0.0006,lb,Mcf,0
CT,SGP,none,0.0006,lb,Mcf,0
CT,SGP,other,0.0006,lb,Mcf,0
CT,SGP,stoker,0.0006,lb,Mcf,0
CT,SGP,tangential_firing,0.0006,lb,Mcf,0
CT,SGP,vertical_firing,0.0006,lb,Mcf,0
CT,SGP,wall_fired,0.0006,lb,Mcf,0
GT,SGP,cell_burner,0.0006,lb,Mcf,0
GT,SGP,cyclone_firing,0.0006,lb,Mcf,0
GT,SGP,duct_burner,0.0006,lb,Mcf,0
GT,SGP,fluidized_bed_firing,0.0006,lb,Mcf,0
GT,SGP,none,0.0006,lb,Mcf,0
GT,SGP,other,0.0006,lb,Mcf,0
GT,SGP,stoker,0.0006,lb,Mcf,0
GT,SGP,tangential_firing,0.0006,lb,Mcf,0
GT,SGP,vertical_firing,0.0006,lb,Mcf,0
GT,SGP,wall_fired,0.0006,lb,Mcf,0
IC,SGP,cell_burner,0.0006,lb,Mcf,0
IC,SGP,cyclone_firing,0.0006,lb,Mcf,0
IC,SGP,duct_burner,0.0006,lb,Mcf,0
IC,SGP,fluidized_bed_firing,0.0006,lb,Mcf,0
IC,SGP,none,0.0006,lb,Mcf,0
IC,SGP,other,0.0006,lb,Mcf,0
IC,SGP,stoker,0.0006,lb,Mcf,0
IC,SGP,tangential_firing,0.0006,lb,Mcf,0
IC,SGP,vertical_firing,0.0006,lb,Mcf,0
IC,SGP,wall_fired,0.0006,lb,Mcf,0
OT,SGP,cell_burner,0.0006,lb,Mcf,0
OT,SGP,cyclone_firing,0.0006,lb,Mcf,0
OT,SGP,duct_burner,0.0006,lb,Mcf,0
OT,SGP,fluidized_bed_firing,0.00006,lb,Mcf,0
OT,SGP,none,0.0006,lb,Mcf,0
OT,SGP,other,0.0006,lb,Mcf,0
OT,SGP,stoker,0.0006,lb,Mcf,0
OT,SGP,tangential_firing,0.0006,lb,Mcf,0
OT,SGP,vertical_firing,0.0006,lb,Mcf,0
OT,SGP,wall_fired,0.0006,lb,Mcf,0
ST,SGP,cell_burner,0.0006,lb,Mcf,0
ST,SGP,cyclone_firing,0.0006,lb,Mcf,0
ST,SGP,duct_burner,0.0006,lb,Mcf,0
ST,SGP,fluidized_bed_firing,0.00006,lb,Mcf,0
ST,SGP,none,0.0006,lb,Mcf,0
ST,SGP,other,0.0006,lb,Mcf,0
ST,SGP,stoker,0.0006,lb,Mcf,0
ST,SGP,tangential_firing,0.0006,lb,Mcf,0
ST,SGP,vertical_firing,0.0006,lb,Mcf,0
ST,SGP,wall_fired,0.0006,lb,Mcf,0
OT,SLW,cell_burner,2.8,lb,short ton,0
OT,SLW,cyclone_firing,2.8,lb,short ton,0
OT,SLW,duct_burner,2.8,lb,short ton,0
OT,SLW,fluidized_bed_firing,0.28,lb,short ton,0
OT,SLW,none,2.8,lb,short ton,0
OT,SLW,other,2.8,lb,short ton,0
OT,SLW,stoker,2.8,lb,short ton,0
OT,SLW,tangential_firing,2.8,lb,short ton,0
OT,SLW,vertical_firing,2.8,lb,short ton,0
OT,SLW,wall_fired,2.8,lb,short ton,0
ST,SLW,cell_burner,2.8,lb,short ton,0
ST,SLW,cyclone_firing,2.8,lb,short ton,0
ST,SLW,duct_burner,2.8,lb,short ton,0
ST,SLW,fluidized_bed_firing,0.28,lb,short ton,0
ST,SLW,none,2.8,lb,short ton,0
ST,SLW,other,2.8,lb,short ton,0
ST,SLW,stoker,2.8,lb,short ton,0
ST,SLW,tangential_firing,2.8,lb,short ton,0
ST,SLW,vertical_firing,2.8,lb,short ton,0
ST,SLW,wall_fired,2.8,lb,short ton,0
OT,SUB,cell_burner,35*S,lb,short ton,1
OT,SUB,cyclone_firing,35*S,lb,short ton,1
OT,SUB,duct_burner,35*S,lb,short ton,1
OT,SUB,fluidized_bed_firing,3.5*S,lb,short ton,1
OT,SUB,none,35*S,lb,short ton,1
OT,SUB,other,35*S,lb,short ton,1
OT,SUB,stoker,35*S,lb,short ton,1
OT,SUB,tangential_firing,35*S,lb,short ton,1
OT,SUB,vertical_firing,35*S,lb,short ton,1
OT,SUB,wall_fired,35*S,lb,short ton,1
ST,SUB,cell_burner,35*S,lb,short ton,1
ST,SUB,cyclone_firing,35*S,lb,short ton,1
ST,SUB,duct_burner,35*S,lb,short ton,1
ST,SUB,fluidized_bed_firing,3.5*S,lb,short ton,1
ST,SUB,none,35*S,lb,short ton,1
ST,SUB,other,35*S,lb,short ton,1
ST,SUB,stoker,35*S,lb,short ton,1
ST,SUB,tangential_firing,35*S,lb,short ton,1
ST,SUB,vertical_firing,35*S,lb,short ton,1
ST,SUB,wall_fired,35*S,lb,short ton,1
OT,TDF,cell_burner,38*S,lb,short ton,1
OT,TDF,cyclone_firing,38*S,lb,short ton,1
OT,TDF,duct_burner,38*S,lb,short ton,1
OT,TDF,fluidized_bed_firing,3.8*S,lb,short ton,1
OT,TDF,none,38*S,lb,short ton,1
OT,TDF,other,38*S,lb,short ton,1
OT,TDF,stoker,38*S,lb,short ton,1
OT,TDF,tangential_firing,38*S,lb,short ton,1
OT,TDF,vertical_firing,38*S,lb,short ton,1
OT,TDF,wall_fired,38*S,lb,short ton,1
ST,TDF,cell_burner,38*S,lb,short ton,1
ST,TDF,cyclone_firing,38*S,lb,short ton,1
ST,TDF,duct_burner,38*S,lb,short ton,1
ST,TDF,fluidized_bed_firing,3.8*S,lb,short ton,1
ST,TDF,none,38*S,lb,short ton,1
ST,TDF,other,38*S,lb,short ton,1
ST,TDF,stoker,38*S,lb,short ton,1
ST,TDF,tangential_firing,38*S,lb,short ton,1
ST,TDF,vertical_firing,38*S,lb,short ton,1
ST,TDF,wall_fired,38*S,lb,short ton,1
OT,WC,cell_burner,30*S,lb,short ton,1
OT,WC,cyclone_firing,30*S,lb,short ton,1
OT,WC,duct_burner,30*S,lb,short ton,1
OT,WC,fluidized_bed_firing,3*S,lb,short ton,1
OT,WC,none,30*S,lb,short ton,1
OT,WC,other,30*S,lb,short ton,1
OT,WC,stoker,30*S,lb,short ton,1
OT,WC,tangential_firing,30*S,lb,short ton,1
OT,WC,vertical_firing,30*S,lb,short ton,1
OT,WC,wall_fired,30*S,lb,short ton,1
ST,WC,cell_burner,30*S,lb,short ton,1
ST,WC,cyclone_firing,30*S,lb,short ton,1
ST,WC,duct_burner,30*S,lb,short ton,1
ST,WC,fluidized_bed_firing,3*S,lb,short ton,1
ST,WC,none,30*S,lb,short ton,1
ST,WC,other,30*S,lb,short ton,1
ST,WC,stoker,30*S,lb,short ton,1
ST,WC,tangential_firing,30*S,lb,short ton,1
ST,WC,vertical_firing,30*S,lb,short ton,1
ST,WC,wall_fired,30*S,lb,short ton,1
CA,WDL,cell_burner,5.88*S,lb,barrel,1
CA,WDL,cyclone_firing,5.88*S,lb,barrel,1
CA,WDL,duct_burner,5.88*S,lb,barrel,1
CA,WDL,fluidized_bed_firing,5.88*S,lb,barrel,1
CA,WDL,none,5.88*S,lb,barrel,1
CA,WDL,other,5.88*S,lb,barrel,1
CA,WDL,stoker,5.88*S,lb,barrel,1
CA,WDL,tangential_firing,5.88*S,lb,barrel,1
CA,WDL,vertical_firing,5.88*S,lb,barrel,1
CA,WDL,wall_fired,5.88*S,lb,barrel,1
CS,WDL,cell_burner,5.88*S,lb,barrel,1
CS,WDL,cyclone_firing,5.88*S,lb,barrel,1
CS,WDL,duct_burner,5.88*S,lb,barrel,1
CS,WDL,fluidized_bed_firing,5.88*S,lb,barrel,1
CS,WDL,none,5.88*S,lb,barrel,1
CS,WDL,other,5.88*S,lb,barrel,1
CS,WDL,stoker,5.88*S,lb,barrel,1
CS,WDL,tangential_firing,5.88*S,lb,barrel,1
CS,WDL,vertical_firing,5.88*S,lb,barrel,1
CS,WDL,wall_fired,5.88*S,lb,barrel,1
CT,WDL,cell_burner,5.88*S,lb,barrel,1
CT,WDL,cyclone_firing,5.88*S,lb,barrel,1
CT,WDL,duct_burner,5.88*S,lb,barrel,1
CT,WDL,fluidized_bed_firing,5.88*S,lb,barrel,1
CT,WDL,none,5.88*S,lb,barrel,1
CT,WDL,other,5.88*S,lb,barrel,1
CT,WDL,stoker,5.88*S,lb,barrel,1
CT,WDL,tangential_firing,5.88*S,lb,barrel,1
CT,WDL,vertical_firing,5.88*S,lb,barrel,1
CT,WDL,wall_fired,5.88*S,lb,barrel,1
GT,WDL,cell_burner,5.88*S,lb,barrel,1
GT,WDL,cyclone_firing,5.88*S,lb,barrel,1
GT,WDL,duct_burner,5.88*S,lb,barrel,1
GT,WDL,fluidized_bed_firing,5.88*S,lb,barrel,1
GT,WDL,none,5.88*S,lb,barrel,1
GT,WDL,other,5.88*S,lb,barrel,1
GT,WDL,stoker,5.88*S,lb,barrel,1
GT,WDL,tangential_firing,5.88*S,lb,barrel,1
GT,WDL,vertical_firing,5.88*S,lb,barrel,1
GT,WDL,wall_fired,5.88*S,lb,barrel,1
IC,WDL,cell_burner,5.88*S,lb,barrel,1
IC,WDL,cyclone_firing,5.88*S,lb,barrel,1
IC,WDL,duct_burner,5.88*S,lb,barrel,1
IC,WDL,fluidized_bed_firing,5.88*S,lb,barrel,1
IC,WDL,none,5.88*S,lb,barrel,1
IC,WDL,other,5.88*S,lb,barrel,1
IC,WDL,stoker,5.88*S,lb,barrel,1
IC,WDL,tangential_firing,5.88*S,lb,barrel,1
IC,WDL,vertical_firing,5.88*S,lb,barrel,1
IC,WDL,wall_fired,5.88*S,lb,barrel,1
OT,WDL,cell_burner,5.964*S,lb,barrel,1
OT,WDL,cyclone_firing,5.964*S,lb,barrel,1
OT,WDL,duct_burner,5.964*S,lb,barrel,1
OT,WDL,fluidized_bed_firing,0.5964*S,lb,barrel,1
OT,WDL,none,5.964*S,lb,barrel,1
OT,WDL,other,5.964*S,lb,barrel,1
OT,WDL,stoker,5.964*S,lb,barrel,1
OT,WDL,tangential_firing,5.964*S,lb,barrel,1
OT,WDL,vertical_firing,5.964*S,lb,barrel,1
OT,WDL,wall_fired,5.964*S,lb,barrel,1
ST,WDL,cell_burner,5.964*S,lb,barrel,1
ST,WDL,cyclone_firing,5.964*S,lb,barrel,1
ST,WDL,duct_burner,5.964*S,lb,barrel,1
ST,WDL,fluidized_bed_firing,0.5964*S,lb,barrel,1
ST,WDL,none,5.964*S,lb,barrel,1
ST,WDL,other,5.964*S,lb,barrel,1
ST,WDL,stoker,5.964*S,lb,barrel,1
ST,WDL,tangential_firing,5.964*S,lb,barrel,1
ST,WDL,vertical_firing,5.964*S,lb,barrel,1
ST,WDL,wall_fired,5.964*S,lb,barrel,1
OT,WDS,cell_burner,0.29,lb,short ton,0
OT,WDS,cyclone_firing,0.29,lb,short ton,0
OT,WDS,duct_burner,0.29,lb,short ton,0
OT,WDS,fluidized_bed_firing,0.08,lb,short ton,0
OT,WDS,none,0.29,lb,short ton,0
OT,WDS,other,0.29,lb,short ton,0
OT,WDS,stoker,0.08,lb,short ton,0
OT,WDS,tangential_firing,0.29,lb,short ton,0
OT,WDS,vertical_firing,0.29,lb,short ton,0
OT,WDS,wall_fired,0.29,lb,short ton,0
ST,WDS,cell_burner,0.29,lb,short ton,0
ST,WDS,cyclone_firing,0.29,lb,short ton,0
ST,WDS,duct_burner,0.29,lb,short ton,0
ST,WDS,fluidized_bed_firing,0.08,lb,short ton,0
ST,WDS,none,0.29,lb,short ton,0
ST,WDS,other,0.29,lb,short ton,0
ST,WDS,stoker,0.08,lb,short ton,0
ST,WDS,tangential_firing,0.29,lb,short ton,0
ST,WDS,vertical_firing,0.29,lb,short ton,0
ST,WDS,wall_fired,0.29,lb,short ton,0
CA,WO,cell_burner,5.88*S,lb,barrel,1
CA,WO,cyclone_firing,5.88*S,lb,barrel,1
CA,WO,duct_burner,5.88*S,lb,barrel,1
CA,WO,fluidized_bed_firing,5.88*S,lb,barrel,1
CA,WO,none,5.88*S,lb,barrel,1
CA,WO,other,5.88*S,lb,barrel,1
CA,WO,stoker,5.88*S,lb,barrel,1
CA,WO,tangential_firing,5.88*S,lb,barrel,1
CA,WO,vertical_firing,5.88*S,lb,barrel,1
CA,WO,wall_fired,5.88*S,lb,barrel,1
CS,WO,cell_burner,5.88*S,lb,barrel,1
CS,WO,cyclone_firing,5.88*S,lb,barrel,1
CS,WO,duct_burner,5.88*S,lb,barrel,1
CS,WO,fluidized_bed_firing,5.88*S,lb,barrel,1
CS,WO,none,5.88*S,lb,barrel,1
CS,WO,other,5.88*S,lb,barrel,1
CS,WO,stoker,5.88*S,lb,barrel,1
CS,WO,tangential_firing,5.88*S,lb,barrel,1
CS,WO,vertical_firing,5.88*S,lb,barrel,1
CS,WO,wall_fired,5.88*S,lb,barrel,1
CT,WO,cell_burner,5.88*S,lb,barrel,1
CT,WO,cyclone_firing,5.88*S,lb,barrel,1
CT,WO,duct_burner,5.88*S,lb,barrel,1
CT,WO,fluidized_bed_firing,5.88*S,lb,barrel,1
CT,WO,none,5.88*S,lb,barrel,1
CT,WO,other,5.88*S,lb,barrel,1
CT,WO,stoker,5.88*S,lb,barrel,1
CT,WO,tangential_firing,5.88*S,lb,barrel,1
CT,WO,vertical_firing,5.88*S,lb,barrel,1
CT,WO,wall_fired,5.88*S,lb,barrel,1
GT,WO,cell_burner,5.88*S,lb,barrel,1
GT,WO,cyclone_firing,5.88*S,lb,barrel,1
GT,WO,duct_burner,5.88*S,lb,barrel,1
GT,WO,fluidized_bed_firing,5.88*S,lb,barrel,1
GT,WO,none,5.88*S,lb,barrel,1
GT,WO,other,5.88*S,lb,barrel,1
GT,WO,stoker,5.88*S,lb,barrel,1
GT,WO,tangential_firing,5.88*S,lb,barrel,1
GT,WO,vertical_firing,5.88*S,lb,barrel,1
GT,WO,wall_fired,5.88*S,lb,barrel,1
IC,WO,cell_burner,5.88*S,lb,barrel,1
IC,WO,cyclone_firing,5.88*S,lb,barrel,1
IC,WO,duct_burner,5.88*S,lb,barrel,1
IC,WO,fluidized_bed_firing,5.88*S,lb,barrel,1
IC,WO,none,5.88*S,lb,barrel,1
IC,WO,other,5.88*S,lb,barrel,1
IC,WO,stoker,5.88*S,lb,barrel,1
IC,WO,tangential_firing,5.88*S,lb,barrel,1
IC,WO,vertical_firing,5.88*S,lb,barrel,1
IC,WO,wall_fired,5.88*S,lb,barrel,1
OT,WO,cell_burner,6.174*S,lb,barrel,1
OT,WO,cyclone_firing,6.174*S,lb,barrel,1
OT,WO,duct_burner,6.174*S,lb,barrel,1
OT,WO,fluidized_bed_firing,0.6174*S,lb,barrel,1
OT,WO,none,6.174*S,lb,barrel,1
OT,WO,other,6.174*S,lb,barrel,1
OT,WO,stoker,6.174*S,lb,barrel,1
OT,WO,tangential_firing,6.174*S,lb,barrel,1
OT,WO,vertical_firing,6.174*S,lb,barrel,1
OT,WO,wall_fired,6.174*S,lb,barrel,1
ST,WO,cell_burner,6.174*S,lb,barrel,1
ST,WO,cyclone_firing,6.174*S,lb,barrel,1
ST,WO,duct_burner,6.174*S,lb,barrel,1
ST,WO,fluidized_bed_firing,0.6174*S,lb,barrel,1
ST,WO,none,6.174*S,lb,barrel,1
ST,WO,other,6.174*S,lb,barrel,1
ST,WO,stoker,6.174*S,lb,barrel,1
ST,WO,tangential_firing,6.174*S,lb,barrel,1
ST,WO,vertical_firing,6.174*S,lb,barrel,1
ST,WO,wall_fired,6.174*S,lb,barrel,1
